insert into JPA_AVATAR(ID, AVATAR, NATIONALITY) VALUES(1, 'PD94bWwgdmVyc2lvbj0iMS4wIiBlbmNvZGluZz0iaXNvLTg4NTktMSI/Pg0KPCEtLSBHZW5lcmF0b3I6IEFkb2JlIElsbHVzdHJhdG9yIDE5LjAuMCwgU1ZHIEV4cG9ydCBQbHVnLUluIC4gU1ZHIFZlcnNpb246IDYuMDAgQnVpbGQgMCkgIC0tPg0KPHN2ZyB2ZXJzaW9uPSIxLjEiIGlkPSJMYXllcl8xIiB4bWxucz0iaHR0cDovL3d3dy53My5vcmcvMjAwMC9zdmciIHhtbG5zOnhsaW5rPSJodHRwOi8vd3d3LnczLm9yZy8xOTk5L3hsaW5rIiB4PSIwcHgiIHk9IjBweCINCgkgdmlld0JveD0iMCAwIDUxMiA1MTIiIHN0eWxlPSJlbmFibGUtYmFja2dyb3VuZDpuZXcgMCAwIDUxMiA1MTI7IiB4bWw6c3BhY2U9InByZXNlcnZlIj4NCjxwYXRoIHN0eWxlPSJmaWxsOiM2REE1NDQ7IiBkPSJNMCwyNTZjMCwxMTAuMDcsNjkuNDcyLDIwMy45MDUsMTY2Ljk1NSwyNDAuMDc2bDIyLjI2Mi0yNDAuMDc3TDE2Ni45NTUsMTUuOTIzDQoJQzY5LjQ3Miw1Mi4wOTUsMCwxNDUuOTI5LDAsMjU2eiIvPg0KPHBhdGggc3R5bGU9ImZpbGw6I0Q4MDAyNzsiIGQ9Ik01MTIsMjU2QzUxMiwxMTQuNjE2LDM5Ny4zODQsMCwyNTYsMGMtMzEuMzE0LDAtNjEuMzExLDUuNjMzLTg5LjA0NSwxNS45MjN2NDgwLjE1NA0KCUMxOTQuNjg5LDUwNi4zNjgsMjI0LjY4Niw1MTIsMjU2LDUxMkMzOTcuMzg0LDUxMiw1MTIsMzk3LjM4NCw1MTIsMjU2eiIvPg0KPGNpcmNsZSBzdHlsZT0iZmlsbDojRkZEQTQ0OyIgY3g9IjE2Ni45NTciIGN5PSIyNTYiIHI9Ijg5LjA0MyIvPg0KPHBhdGggc3R5bGU9ImZpbGw6I0Q4MDAyNzsiIGQ9Ik0xMTYuODcsMjExLjQ3OHY1NS42NTJjMCwyNy42NjIsMjIuNDI0LDUwLjA4Nyw1MC4wODcsNTAuMDg3czUwLjA4Ny0yMi40MjQsNTAuMDg3LTUwLjA4N3YtNTUuNjUyDQoJSDExNi44N3oiLz4NCjxwYXRoIHN0eWxlPSJmaWxsOiNGMEYwRjA7IiBkPSJNMTY2Ljk1NywyODMuODI2Yy05LjIwNiwwLTE2LjY5Ni03LjQ5LTE2LjY5Ni0xNi42OTZWMjQ0Ljg3aDMzLjM5MXYyMi4yNjENCglDMTgzLjY1MiwyNzYuMzM2LDE3Ni4xNjIsMjgzLjgyNiwxNjYuOTU3LDI4My44MjZ6Ii8+DQo8Zz4NCjwvZz4NCjxnPg0KPC9nPg0KPGc+DQo8L2c+DQo8Zz4NCjwvZz4NCjxnPg0KPC9nPg0KPGc+DQo8L2c+DQo8Zz4NCjwvZz4NCjxnPg0KPC9nPg0KPGc+DQo8L2c+DQo8Zz4NCjwvZz4NCjxnPg0KPC9nPg0KPGc+DQo8L2c+DQo8Zz4NCjwvZz4NCjxnPg0KPC9nPg0KPGc+DQo8L2c+DQo8L3N2Zz4NCg==', 'PORTUGAL');
insert into JPA_AVATAR(ID, AVATAR, NATIONALITY) VALUES(2, 'PD94bWwgdmVyc2lvbj0iMS4wIiBlbmNvZGluZz0iaXNvLTg4NTktMSI/Pg0KPCEtLSBHZW5lcmF0b3I6IEFkb2JlIElsbHVzdHJhdG9yIDE5LjAuMCwgU1ZHIEV4cG9ydCBQbHVnLUluIC4gU1ZHIFZlcnNpb246IDYuMDAgQnVpbGQgMCkgIC0tPg0KPHN2ZyB2ZXJzaW9uPSIxLjEiIGlkPSJMYXllcl8xIiB4bWxucz0iaHR0cDovL3d3dy53My5vcmcvMjAwMC9zdmciIHhtbG5zOnhsaW5rPSJodHRwOi8vd3d3LnczLm9yZy8xOTk5L3hsaW5rIiB4PSIwcHgiIHk9IjBweCINCgkgdmlld0JveD0iMCAwIDUxMiA1MTIiIHN0eWxlPSJlbmFibGUtYmFja2dyb3VuZDpuZXcgMCAwIDUxMiA1MTI7IiB4bWw6c3BhY2U9InByZXNlcnZlIj4NCjxjaXJjbGUgc3R5bGU9ImZpbGw6I0YwRjBGMDsiIGN4PSIyNTYiIGN5PSIyNTYiIHI9IjI1NiIvPg0KPHBhdGggc3R5bGU9ImZpbGw6I0Q4MDAyNzsiIGQ9Ik01MTIsMjU2YzAsMTQxLjM4NC0xMTQuNjE2LDI1Ni0yNTYsMjU2UzAsMzk3LjM4NCwwLDI1NiIvPg0KPGc+DQo8L2c+DQo8Zz4NCjwvZz4NCjxnPg0KPC9nPg0KPGc+DQo8L2c+DQo8Zz4NCjwvZz4NCjxnPg0KPC9nPg0KPGc+DQo8L2c+DQo8Zz4NCjwvZz4NCjxnPg0KPC9nPg0KPGc+DQo8L2c+DQo8Zz4NCjwvZz4NCjxnPg0KPC9nPg0KPGc+DQo8L2c+DQo8Zz4NCjwvZz4NCjxnPg0KPC9nPg0KPC9zdmc+DQo=', 'POLAND');
insert into JPA_AVATAR(ID, AVATAR, NATIONALITY) VALUES(3, 'PD94bWwgdmVyc2lvbj0iMS4wIiBlbmNvZGluZz0iaXNvLTg4NTktMSI/Pg0KPCEtLSBHZW5lcmF0b3I6IEFkb2JlIElsbHVzdHJhdG9yIDE5LjAuMCwgU1ZHIEV4cG9ydCBQbHVnLUluIC4gU1ZHIFZlcnNpb246IDYuMDAgQnVpbGQgMCkgIC0tPg0KPHN2ZyB2ZXJzaW9uPSIxLjEiIGlkPSJMYXllcl8xIiB4bWxucz0iaHR0cDovL3d3dy53My5vcmcvMjAwMC9zdmciIHhtbG5zOnhsaW5rPSJodHRwOi8vd3d3LnczLm9yZy8xOTk5L3hsaW5rIiB4PSIwcHgiIHk9IjBweCINCgkgdmlld0JveD0iMCAwIDUxMiA1MTIiIHN0eWxlPSJlbmFibGUtYmFja2dyb3VuZDpuZXcgMCAwIDUxMiA1MTI7IiB4bWw6c3BhY2U9InByZXNlcnZlIj4NCjxjaXJjbGUgc3R5bGU9ImZpbGw6I0YwRjBGMDsiIGN4PSIyNTYiIGN5PSIyNTYiIHI9IjI1NiIvPg0KPHBhdGggc3R5bGU9ImZpbGw6I0ZGOTgxMTsiIGQ9Ik01MTIsMjU2YzAtMTEwLjA3LTY5LjQ3Mi0yMDMuOTA2LTE2Ni45NTctMjQwLjA3NnY0ODAuMTU1QzQ0Mi41MjgsNDU5LjkwNiw1MTIsMzY2LjA3Miw1MTIsMjU2eiIvPg0KPHBhdGggc3R5bGU9ImZpbGw6IzZEQTU0NDsiIGQ9Ik0wLDI1NmMwLDExMC4wNzIsNjkuNDcyLDIwMy45MDYsMTY2Ljk1NywyNDAuMDc4VjE1LjkyNEM2OS40NzIsNTIuMDk0LDAsMTQ1LjkzLDAsMjU2eiIvPg0KPGc+DQo8L2c+DQo8Zz4NCjwvZz4NCjxnPg0KPC9nPg0KPGc+DQo8L2c+DQo8Zz4NCjwvZz4NCjxnPg0KPC9nPg0KPGc+DQo8L2c+DQo8Zz4NCjwvZz4NCjxnPg0KPC9nPg0KPGc+DQo8L2c+DQo8Zz4NCjwvZz4NCjxnPg0KPC9nPg0KPGc+DQo8L2c+DQo8Zz4NCjwvZz4NCjxnPg0KPC9nPg0KPC9zdmc+DQo=', 'MEXICO');


insert into AIRPORT_MEETING_POINT(ID, NAME, DESCRIPTION) VALUES(1, 'Starbucks na WAW', 'It`s next to Gate 24');

insert into AIRPORTS(ID, CODE, NAME, LATITUDE, LONGITUDE, MEETING_POINT_ID) VALUES(1, 'WAW', 'Warsaw Chopin Airport', 52.159499362, 20.966996132, 1);
insert into AIRPORTS(ID, CODE, NAME, LATITUDE, LONGITUDE) VALUES(2, 'WMI', 'Warsaw Modlin Airport', 52.450664864, 20.650997396);
insert into AIRPORTS(ID, CODE, NAME, LATITUDE, LONGITUDE) VALUES(3, 'SIN', 'Singapore Changi Airport', 1.345010, 103.983208);
insert into AIRPORTS(ID, CODE, NAME, LATITUDE, LONGITUDE) VALUES(4, 'AAA', 'Anaa Airport', -17.3489, -145.513);
insert into AIRPORTS(ID, CODE, NAME, LATITUDE, LONGITUDE) VALUES(5, 'AAB', 'Arrabury Airport', -26.7, 141.05);

insert into USER(ID, USERNAME, PASSWORD)
VALUES (1, 'lukasz', '$2a$10$w66at8AGs40XQkfMIAbbFem5M5iEjEkvIq/YRLZrZc4YuRjWoAR5C');
insert into USER(ID, USERNAME, PASSWORD)
VALUES (2, 'marta', '$2a$10$w66at8AGs40XQkfMIAbbFem5M5iEjEkvIq/YRLZrZc4YuRjWoAR5C');
insert into USER(ID, USERNAME, PASSWORD)
VALUES (3, 'ola', '$2a$10$w66at8AGs40XQkfMIAbbFem5M5iEjEkvIq/YRLZrZc4YuRjWoAR5C');

insert into JPA_TRAVELER_PROFILE(TRAVELER_ID, NATIONALITY, NICKNAME)
VALUES (1, 'PORTUGAL', 'Friendly mark');
insert into JPA_TRAVELER_PROFILE(TRAVELER_ID, NATIONALITY, NICKNAME)
VALUES (2, 'POLAND', 'Alan the funny guy');
insert into JPA_TRAVELER_PROFILE(TRAVELER_ID, NATIONALITY, NICKNAME)
VALUES (3, 'MEXICO', 'Alan not so funny guy');

insert into TRAVELER_LANGUAGES(TRAVELER_ID, LANGUAGES)
VALUES (1, 'PORTUGUESE');
insert into TRAVELER_LANGUAGES(TRAVELER_ID, LANGUAGES)
VALUES (1, 'ENGLISH');
insert into TRAVELER_LANGUAGES(TRAVELER_ID, LANGUAGES)
VALUES (2, 'POLISH');
insert into TRAVELER_LANGUAGES(TRAVELER_ID, LANGUAGES)
VALUES (2, 'ENGLISH');
insert into TRAVELER_LANGUAGES(TRAVELER_ID, LANGUAGES)
VALUES (3, 'ENGLISH');

insert into JPA_NEED_EVENT(ID, TRAVELER_ID, AIRPORT_ID, AVAILABLE_FROM, AVAILABLE_TO)
VALUES (1, 2, 1, '2019-09-14T01:00:00.000', '2019-09-15T23:59:00.000');
insert into EVENT_NEEDS(NEED_EVENT_ID, NEED)
VALUES (1, 'EAT');
insert into EVENT_NEEDS(NEED_EVENT_ID, NEED)
VALUES (1, 'DRINK');

insert into JPA_NEED_EVENT(ID, TRAVELER_ID, AIRPORT_ID, AVAILABLE_FROM, AVAILABLE_TO)
VALUES (2, 3, 1, '2019-09-14T01:00:00.000', '2019-09-15T23:59:00.000');
insert into EVENT_NEEDS(NEED_EVENT_ID, NEED)
VALUES (2, 'EAT');
insert into EVENT_NEEDS(NEED_EVENT_ID, NEED)
VALUES (2, 'CHAT');

insert into JPA_STORY(ID, TITLE, CONTENT, AIRPORT_ID, AUTHOR_ID)
VALUES (1, 'Great story about Warsaw', 'Go to help desk and ask for Lukasz, he is awesome guy to talk with', 1, 1);
--
-- 	private Long id;
--
-- private String title;
--
-- private String content;
--
-- private Long airportId;
--
-- private Long authorId;


