insert into JPA_AVATAR(ID, AVATAR, NATIONALITY)
VALUES (1,
        'PHN2ZyB3aWR0aD0iMTM2IiBoZWlnaHQ9IjE1NCIgdmlld0JveD0iMCAwIDEzNiAxNTQiIGZpbGw9Im5vbmUiIHhtbG5zPSJodHRwOi8vd3d3LnczLm9yZy8yMDAwL3N2ZyI+CjxtYXNrIGlkPSJtYXNrMCIgbWFzay10eXBlPSJhbHBoYSIgbWFza1VuaXRzPSJ1c2VyU3BhY2VPblVzZSIgeD0iMCIgeT0iMCIgd2lkdGg9IjEyMSIgaGVpZ2h0PSIxNTQiPgo8cmVjdCB3aWR0aD0iMTIxIiBoZWlnaHQ9IjE1NCIgZmlsbD0iI0M0QzRDNCIvPgo8L21hc2s+CjxnIG1hc2s9InVybCgjbWFzazApIj4KPHBhdGggZmlsbC1ydWxlPSJldmVub2RkIiBjbGlwLXJ1bGU9ImV2ZW5vZGQiIGQ9Ik02My4xMDE1IDk4LjIwOTZDNjMuMTYxMyA5Ny45MjUgNjMuMTU2MSA5Ny42MzA1IDYzLjA4NjQgOTcuMzQ4MkM2My4wMTY4IDk3LjA2NTkgNjIuODg0NCA5Ni44MDMgNjIuNjk5MyA5Ni41Nzk0QzU2LjU1MzQgODkuMDc1IDUyLjQ2MDIgNzkuOTcwNyA1My4xNyA2OS44MDc0QzU1LjI4MDIgMzkuNTg1IDk3LjE0NzMgNDYuMjMzOSAxMDUuMjkxIDYxLjQ4NzNDMTEzLjQzNSA3Ni43NDA2IDExMi40NjcgMTE1LjQzMyAxMDEuOTQyIDExOC4xNTlDOTguMjY4NiAxMTkuMTExIDkwLjk2MTIgMTE3LjE5IDgzLjA5MzggMTEzQzgyLjc3OTEgMTEyLjgyOCA4Mi40MjMyIDExMi43NDcgODIuMDY1NSAxMTIuNzY3QzgxLjcwNzggMTEyLjc4NiA4MS4zNjI0IDExMi45MDQgODEuMDY3OCAxMTMuMTA5QzgwLjc3MzEgMTEzLjMxMyA4MC41NDA4IDExMy41OTYgODAuMzk2NiAxMTMuOTI2QzgwLjI1MjQgMTE0LjI1NSA4MC4yMDIgMTE0LjYxOCA4MC4yNTEgMTE0Ljk3NEw4NS4xMDMxIDE0OS40NjhDODUuMTQxOCAxNDkuNzQzIDg1LjEyMTIgMTUwLjAyNCA4NS4wNDI4IDE1MC4yOUM4NC45NjQzIDE1MC41NTcgODQuODI5OCAxNTAuODAzIDg0LjY0ODQgMTUxLjAxM0M4NC40NjY5IDE1MS4yMjMgODQuMjQyNyAxNTEuMzkxIDgzLjk5MSAxNTEuNTA2QzgzLjczOTIgMTUxLjYyMiA4My40NjU4IDE1MS42ODEgODMuMTg5MSAxNTEuNjgxSDU0LjA3NjZDNTMuNzg4MyAxNTEuNjgxIDUzLjUwMzcgMTUxLjYxNiA1My4yNDM2IDE1MS40OTJDNTIuOTgzNSAxNTEuMzY3IDUyLjc1NDUgMTUxLjE4NSA1Mi41NzMzIDE1MC45NkM1Mi4zOTIxIDE1MC43MzUgNTIuMjYzMyAxNTAuNDcyIDUyLjE5NjQgMTUwLjE5QzUyLjEyOTUgMTQ5LjkwOSA1Mi4xMjYxIDE0OS42MTYgNTIuMTg2NSAxNDkuMzMyTDYzLjEwMTUgOTguMjA5NloiIGZpbGw9IndoaXRlIi8+CjxwYXRoIGZpbGwtcnVsZT0iZXZlbm9kZCIgY2xpcC1ydWxlPSJldmVub2RkIiBkPSJNOTEuOTY4NyA0NC44NzM5Qzg3LjM3OTYgNDMuNTg3NSA4Mi45NTk1IDQwLjYxMDIgNzYuODE2MSA0MC4wNjQ4QzYyLjA4NjEgMzkuMjg2MSA1Mi40MTk3IDQ1LjY2NDcgNDcuMjY1NCA1MS45MDlDNDMuOTg3NyA1Ni4zOTUxIDQxLjM0NjcgNjEuMzE3MSAzOS40MTg0IDY2LjUzMzdDMzguMTU2MiA3MS4zMTQ0IDM3LjQyNjIgNzYuMjIxMiAzNy4yNDE4IDgxLjE2MzdDMzcuMTk1OSA4Ny43ODM2IDM4LjIzMTEgODkuMzAxOCAzOS42MzA1IDkzLjUxODdDNDAuMjU2MSA5NS42MDI3IDQxLjIzMjMgOTcuNTYzOCA0Mi41MTY4IDk5LjMxN0M0My41NTMyIDEwMC44MzMgNDQuNzQxMSA5OS4zMjU2IDQ2LjI4OTEgMTAwLjMwN0M0Ny43NjgyIDEwMS4xNzQgNDkuMzIxMiAxMDEuOTA3IDUwLjkyOTggMTAyLjQ5N0M1Mi40Nzg4IDEwMy4xNDIgNTQuMDc3OSAxMDMuNjU3IDU1LjcxMSAxMDQuMDM3QzU4LjgxNzkgMTA0LjY4MyA2Mi4zOTc1IDEwNC41NzIgNjQuNzkwOSAxMDIuMDg3QzY1LjcyMTYgMTAxLjE0NyA2Ni41NDA2IDEwMC4xMDEgNjcuMjMxMiA5OC45NzE0QzY3LjQ1NzUgOTguNTc3OSA2Ny41OTQgOTguMzIwNSA2Ny4zMTkgOTcuOTM1OEM2Ni45MzgyIDk3LjQ5NDkgNjYuNTA2OSA5Ny4xMDA3IDY2LjAzNCA5Ni43NjE2QzYzLjYxOTEgOTQuNzM1OCA2Mi4wODMzIDkxLjg0NTkgNjEuNzUxNSA4OC43MDMyQzYxLjM2OTUgODUuMzk0OSA2Mi4yNTM3IDgxLjEyNTcgNjUuNDU0MyA3OS42ODIyQzY5LjQwNTEgNzcuOSA3My43NTU5IDc5Ljk0NTYgNzcuMjY3NCA4MS44NTE4Qzc3Ljg4MDYgNzkuMjMyNiA3OS4wMjkzIDc2Ljc3MDEgODAuNjQwNiA3NC42MjA3QzgyLjI1MiA3Mi40NzEzIDg0LjI5MDcgNzAuNjgxOSA4Ni42Mjc0IDY5LjM2NjNDOTEuOTQzMSA2Ni42ODAzIDk4LjA0MTIgNjYuMzY1OCAxMDMuNTAzIDY0LjA2MTVDMTA0Ljk4NyA2My41NDUgMTA2LjMzIDYyLjY4NjkgMTA3LjQyNSA2MS41NTU5QzEwNy45MjggNjEuMDI3MiAxMDguMzEyIDYwLjM5NTggMTA4LjU1MSA1OS43MDQ4QzEwOC41OTIgNTkuMjgzNiAxMDguNTQzIDU4Ljg1ODYgMTA4LjQwOCA1OC40NTc4QzEwOC4yNzQgNTguMDU2OSAxMDguMDU2IDU3LjY4OTIgMTA3Ljc3IDU3LjM3ODhDMTA1LjQzNSA1My43MDUyIDk2LjU3NzggNDYuMjg2IDkxLjk2ODcgNDQuODczOVoiIGZpbGw9IiMyRjA1QjAiLz4KPHBhdGggZmlsbC1ydWxlPSJldmVub2RkIiBjbGlwLXJ1bGU9ImV2ZW5vZGQiIGQ9Ik0xMDguNjAzIDIzNy4yODdDMTA4LjIyOSAyNDguOTM3IDEwOS45IDMwMi4zNjQgMTA1LjA0NSAzMTIuNzM4QzkzLjM2ODQgMzM3LjY4NiA0My43NDAyIDMxOC41MjIgMTMuMDU3IDMxOC41MDJDMTAuNDc5NCAzMTguNDk2IDcuOTgxNzggMzE3LjYwMyA1Ljk4MDEgMzE1Ljk3MkMzLjk3ODQxIDMxNC4zNCAyLjU5MzU1IDMxMi4wNyAyLjA1NjE5IDMwOS41MzdDLTcuNTExODUgMjY0LjUxMSAxOS40MTU4IDI0NC4wNDQgMTkuNDM5IDIxMi45NjZDMTkuNDY2MSAxNzYuNTk1IDQ4LjUyOSAxMjAuNjExIDUyLjgwNTIgMTIwLjYxMUg4MS42OTI4Qzg0LjQyNDggMTIwLjYxOCA4Ny4wNjI0IDEyMS42MTYgODkuMTE5OSAxMjMuNDIxQzkxLjE3NzMgMTI1LjIyNyA5Mi41MTYxIDEyNy43MTggOTIuODg5NSAxMzAuNDM3QzkzLjY1ODcgMTM1Ljg1NSA5NS4xNTIgMTQ0LjMwNyA5Ni45ODI4IDE1NC4xMzNDOTcuMjU4NiAxNTUuNjE2IDk3LjU0MjEgMTU3LjEyOSA5Ny44MzM1IDE1OC42NzFDMTAzLjc3NyAxOTAuMTk5IDEwOC43MzcgMjMzLjE1MSAxMDguNjAzIDIzNy4yODdaIiBmaWxsPSIjMUYwNDcxIi8+CjxwYXRoIGQ9Ik05MS45Njg4IDQ0Ljg3MzlDNzYuOTMyOSA0OC44NTQgNjkuNDgxNyA3NC4zMTY1IDY5LjQ4MTcgNzQuMzE2NUw3Mi41Nzk4IDc3LjQ4MkM3Mi41Nzk4IDc3LjQ4MiA5Ny43MDQ2IDQ3LjczNDggMTAyLjEyNCA1MS40NTE3QzEwMi43MjggNTEuOTYwMSA5Ni4zODcxIDQzLjcwNDQgOTEuOTY4OCA0NC44NzM5WiIgZmlsbD0iI0U4NUY4QiIvPgo8cGF0aCBkPSJNNjkuNTYzMyA3MS43MDE5QzY5LjU2MzMgNzEuNzAxOSA3Mi4yMjUyIDY3LjU4IDcyLjg5MDcgNjguNDE1NUM3My41NTYxIDY5LjI1MSA3NS40OTcxIDcyLjIwMzMgNzUuMjE5MiA3Mi45Mjc0Qzc0Ljk0MTMgNzMuNjUxNSA4MC4wOTk0IDcxLjkyNDggODAuMDk5NCA3My41OTZDODAuMDk5NCA3NS4yNjcyIDc3LjkzNjYgNzguNDk3OCA3Ny45MzY2IDc4LjQ5NzhDNzcuOTM2NiA3OC40OTc4IDgyLjE1MTIgODEuNTYxNCA4MC42NTM5IDgzLjA2NTRDODAuMzE3MSA4My40NzgyIDc5Ljg5NDMgODMuODExOCA3OS40MTUyIDg0LjA0MjhDNzguOTM2MiA4NC4yNzM4IDc4LjQxMjUgODQuMzk2NSA3Ny44ODEyIDg0LjQwMjJDNzcuODgxMiA4NC40MDIyIDc4Ljk5MDMgODYuOTkzNSA3Ny44MjU2IDg3LjA2MjVDNzYuNjYwOCA4Ny4xMzE2IDc0Ljk0MTkgODYuMjEzNiA3NC45NDE5IDg3LjA2MjVDNzQuOTQxOSA4Ny45MTE1IDc1Ljk5NTUgODkuODYxMiA3NC41NTM3IDg5LjYzODRDNzMuMTExOSA4OS40MTU2IDcwLjc4MjcgODYuOTY0NyA3MC4zMzkxIDg3LjQxMDNDNjkuODk1NSA4Ny44NTU5IDY3Ljc4ODIgOTEuNDc2NiA2Ni42MjM2IDkxLjA4NjdDNjUuNDU5IDkwLjY5NjcgNjUuNzkxOCA4OC41ODAxIDY1LjEyNjMgODguNTgwMUM2NC40NjA4IDg4LjU4MDEgNjIuNzQxNiA4OS42OTQxIDYyLjY4NjEgODguNjkxNUM2Mi42MzA3IDg3LjY4ODggNjMuMDc0MyA4NS4yOTM1IDYyLjEzMTYgODUuMTgyMUM2MS4xODg4IDg1LjA3MDcgNTguNzQ4OCA4NS42MjgzIDU4LjY5MzMgODQuNzM1OEM1OC42Mzc5IDgzLjg0MzQgNTcuNzUwNiA4MS4xMTUyIDU4LjM2MDYgODAuODM2N0M1OC45NzA2IDgwLjU1ODIgNjIuNTE5NyA3OS4xNjU2IDYxLjk2NTIgNzguODMxNEM2MS40MTA2IDc4LjQ5NzIgNTguMzA1MSA3NC45ODc5IDU5LjA4MTUgNzQuNTk4QzU5Ljg1NzkgNzQuMjA4MSA2NC4wMTcgNzQuMjYzOCA2NC40NjA3IDc1LjA0NDJDNjQuOTA0MyA3NS44MjQ3IDYzLjI5NjQgNzAuNDcyNSA2NC4wMTY0IDcwLjQxODhDNjQuNzM2NCA3MC4zNjUxIDY4LjIzMjQgNjkuODA4MSA2OS41NjMzIDcxLjcwMTlaIiBmaWxsPSIjRTJFM0Y5Ii8+CjwvZz4KPG1hc2sgaWQ9Im1hc2sxIiBtYXNrLXR5cGU9ImFscGhhIiBtYXNrVW5pdHM9InVzZXJTcGFjZU9uVXNlIiB4PSIwIiB5PSIwIiB3aWR0aD0iMTIxIiBoZWlnaHQ9IjE1NCI+CjxyZWN0IHdpZHRoPSIxMjEiIGhlaWdodD0iMTU0IiBmaWxsPSIjQzRDNEM0Ii8+CjwvbWFzaz4KPGcgbWFzaz0idXJsKCNtYXNrMSkiPgo8cGF0aCBkPSJNNjcuNzY0MyA4OS45MzM4QzY3Ljc2NDMgODkuOTMzOCA0Ni44NjkgMTU1LjU0OSA0OS40ODc3IDE4NC4yNkM1MC4wMDUgMTg5LjkzMyAyMC45OTIxIDE4My4yNDggMjIuMzI5NCAxODAuMzk5QzIzLjY2NjggMTc3LjU1IDQ5LjA3NjcgOTguOTQ1MiA1Ny43MTY3IDg5Ljk2ODhDNjYuMzU2NyA4MC45OTI0IDY3Ljc2NDMgODkuOTMzOCA2Ny43NjQzIDg5LjkzMzhaIiBmaWxsPSJ1cmwoI3BhaW50MF9saW5lYXIpIi8+CjxwYXRoIGQ9Ik02NC41ODMxIDEzOS4xNzZDNjEuODU5MiAxMzcuNDYxIDU4Ljg1NTcgMTQwLjQzMyA1OS44NDIxIDE0My44NkM2MC4yODg2IDE0NS4yODMgNjEuMDcxMyAxNDYuNTc2IDYyLjEyMzUgMTQ3LjYyOEM2My4xNzU2IDE0OC42ODEgNjQuNDY1OCAxNDkuNDYyIDY1Ljg4MzggMTQ5LjkwNUM2OC40NzcyIDE1MC40MjMgODAuNjYxOSAxNTYuNDY3IDc4LjIyNzggMTQ5LjU0NEM3Ni43OTYzIDE0NS40NzMgNzAuMDAzNiAxNDIuNTkgNjQuNTgzMSAxMzkuMTc2WiIgZmlsbD0iIzJGMDVCMCIvPgo8cGF0aCBkPSJNNjYuMzEwOSAxNDguMjA2QzYzLjUzOTggMTQ3LjAyMSA2MC4zMjg0IDE0OS4zMjMgNjEuMjQyMSAxNTEuODM0QzYyLjI4NjQgMTU0LjcwNCA2Ni4wMzk0IDE1NS45OCA2Ny4zMTY0IDE1Ni4xMjRDNjkuOTkwNSAxNTYuNDI0IDgyLjQzODQgMTYwLjUxNCA4MC4xMzQ5IDE1NS40NTdDNzguNzgwMiAxNTIuNDgyIDcxLjgyNTMgMTUwLjU2MyA2Ni4zMTA5IDE0OC4yMDZaIiBmaWxsPSIjMkYwNUIwIi8+CjxwYXRoIGQ9Ik02Ny42MjE5IDE1Mi44NTdDNjQuOTUzOCAxNTEuNjI5IDYxLjg4NTUgMTUzLjk1OCA2Mi43NzkxIDE1Ni41MjZDNjMuODAwNyAxNTkuNDYyIDY3LjQxMjUgMTYwLjc5IDY4LjYzOTQgMTYwLjk0NUM3MS4yMDg5IDE2MS4yNjkgODMuMTg3MyAxNjUuNTI3IDgwLjk0MjQgMTYwLjM0OUM3OS42MjIyIDE1Ny4zMDQgNzIuOTMyIDE1NS4zIDY3LjYyMTkgMTUyLjg1N1oiIGZpbGw9IiMyRjA1QjAiLz4KPHBhdGggZD0iTTYxLjY5NDYgMTMwLjM2NUM1OC45OTU3IDEyOC4zNjcgNTUuNDY1NCAxMzAuOTk5IDU2LjEyMzMgMTM0LjUxMkM1Ni40NjkgMTM2LjAwNiA1Ny4xNzE0IDEzNy4zOTMgNTguMTY5OSAxMzguNTUzQzU5LjE2ODQgMTM5LjcxNCA2MC40MzMgMTQwLjYxMiA2MS44NTQ1IDE0MS4xNzJDNjQuNTUxNSAxNDEuOTY2IDc2LjgxMDYgMTQ5LjI4NiA3NS4wMTI2IDE0Mi4xNDJDNzMuOTU1MyAxMzcuOTM5IDY3LjA2NTYgMTM0LjM0MyA2MS42OTQ2IDEzMC4zNjVaIiBmaWxsPSIjMkYwNUIwIi8+CjxwYXRoIGQ9Ik01OS4xOTAzIDEyMi42NzFDNTguNTMxOSAxMjIuMjI5IDU3Ljc1NzMgMTIxLjk5NCA1Ni45NjUyIDEyMS45OTVDNTYuMTczMSAxMjEuOTk3IDU1LjM5OTQgMTIyLjIzNSA1NC43NDI2IDEyMi42OEM1NC4wODU5IDEyMy4xMjUgNTMuNTc1OCAxMjMuNzU2IDUzLjI3NzUgMTI0LjQ5M0M1Mi45NzkxIDEyNS4yMyA1Mi45MDYgMTI2LjAzOSA1My4wNjc0IDEyNi44MThDNTMuODkzNyAxMzAuODM1IDU1LjA1NDUgMTM0Ljc3NiA1Ni40Njk4IDEzNS4xNTVDNTkuNDMzOCAxMzUuOTQ5IDc1LjgwMjYgMTQxLjU5MiA3My44MjcyIDEzNC40NDdDNzIuNjY1MSAxMzAuMjQ2IDY1LjA5MzMgMTI2LjY0OSA1OS4xOTAzIDEyMi42NzFaIiBmaWxsPSIjMkYwNUIwIi8+CjxwYXRoIGQ9Ik01Ni4wNTA3IDExNC42NTJDNTUuMzkyMyAxMTQuMjEgNTQuNjE3NyAxMTMuOTc0IDUzLjgyNTYgMTEzLjk3NkM1My4wMzM1IDExMy45NzcgNTIuMjU5OCAxMTQuMjE2IDUxLjYwMyAxMTQuNjYxQzUwLjk0NjMgMTE1LjEwNSA1MC40MzYyIDExNS43MzcgNTAuMTM3OSAxMTYuNDc0QzQ5LjgzOTUgMTE3LjIxMSA0OS43NjY0IDExOC4wMiA0OS45Mjc4IDExOC43OTlDNTAuNzU1IDEyMi44MTUgNTEuOTE0OSAxMjYuNzU3IDUzLjMzMDIgMTI3LjEzNkM1Ni4yOTQxIDEyNy45MyA3Mi42NjMgMTMzLjU3MyA3MC42ODY4IDEyNi40MjhDNjkuNTI1NCAxMjIuMjI1IDYxLjk1MzggMTE4LjYzIDU2LjA1MDcgMTE0LjY1MloiIGZpbGw9IiMyRjA1QjAiLz4KPHBhdGggZD0iTTUxLjIzNTYgMTA3LjM3NUM1MC41NzcyIDEwNi45MzIgNDkuODAyNSAxMDYuNjk3IDQ5LjAxMDQgMTA2LjY5OEM0OC4yMTgzIDEwNi43IDQ3LjQ0NDYgMTA2LjkzOCA0Ni43ODc5IDEwNy4zODNDNDYuMTMxMSAxMDcuODI4IDQ1LjYyMTEgMTA4LjQ1OSA0NS4zMjI3IDEwOS4xOTZDNDUuMDI0NCAxMDkuOTMzIDQ0Ljk1MTIgMTEwLjc0MyA0NS4xMTI3IDExMS41MjJDNDUuOTM5MSAxMTUuNTM4IDQ3LjA5OTcgMTE5LjQ3OSA0OC41MTUgMTE5Ljg1OUM1MS40NzkgMTIwLjY1MiA2NS40NjE3IDEyMi44MjIgNjMuNDg1NyAxMTUuNjc3QzYyLjMyMzYgMTExLjQ3NSA1Ny4xMzg1IDExMS4zNTIgNTEuMjM1NiAxMDcuMzc1WiIgZmlsbD0iIzJGMDVCMCIvPgo8cGF0aCBkPSJNNDAuMjYxOCA5MS40ODcxQzQwLjI2MTggOTEuNDg3MSA0Mi4xMDg3IDEwNy45MDUgNDUuMDcyIDEwOC43QzQ4LjAzNTQgMTA5LjQ5NSA2MS42MjU0IDExNC4zMjEgNTkuNjQ5NCAxMDcuMTc2QzU3LjY3MzQgMTAwLjAzIDQwLjI2MTggOTEuNDg3MSA0MC4yNjE4IDkxLjQ4NzFaIiBmaWxsPSIjMkYwNUIwIi8+CjxwYXRoIGQ9Ik03NS44NzU3IDgzLjE0NzJDNzUuODc1NyA4My4xNDcyIDgwLjY1NDQgODQuMTk1OCA4MC4xMTA3IDg1LjExNkM3OS41NjcxIDg2LjAzNjEgNzcuNTAwOCA4OC45MDEzIDc2LjcyODQgODguODk2Qzc1Ljk1NiA4OC44OTA4IDc5LjM4MzIgOTMuMTI5NiA3Ny44MjYzIDkzLjcxODhDNzYuMjY5NCA5NC4zMDc5IDcyLjQ5NyA5My40MTQyIDcyLjQ5NyA5My40MTQyQzcyLjQ5NyA5My40MTQyIDcxLjEyODggOTguNDU1OSA2OS4xOTk4IDk3LjU3ODhDNjguNjk2NCA5Ny40MDc4IDY4LjIzNjUgOTcuMTI4IDY3Ljg1MjQgOTYuNzU5MUM2Ny40NjgzIDk2LjM5MDIgNjcuMTY5NCA5NS45NDEzIDY2Ljk3NjcgOTUuNDQzOEM2Ni45NzY3IDk1LjQ0MzggNjQuOTUzMiA5Ny40IDY0LjQ3ODMgOTYuMzI5N0M2NC4wMDM0IDk1LjI1OTMgNjQuMjUyNSA5My4zMTk5IDYzLjQ2MTYgOTMuNjE5MkM2Mi42NzA2IDkzLjkxODUgNjEuMjI1OSA5NS41OTYzIDYwLjkyNSA5NC4xNjI1QzYwLjYyNDIgOTIuNzI4NyA2Mi4wODY0IDg5LjY3NTMgNjEuNTE0OCA4OS40MTU0QzYwLjk0MzIgODkuMTU1NSA1Ni44MjcyIDg4LjQ1MTIgNTYuNzc5OCA4Ny4yMTkxQzU2LjczMjUgODUuOTg3MSA1OC44MjE3IDg1LjU1MzQgNTguNTg3NSA4NC45Mjc5QzU4LjM1MzIgODQuMzAyNCA1Ni43MDg3IDgzLjA3OTMgNTcuNjIzMyA4Mi42NzM3QzU4LjUzNzggODIuMjY4MSA2MC45MjU4IDgxLjg0MDUgNjAuNjk3MSA4MC45MTUxQzYwLjQ2ODQgNzkuOTg5NyA1OS4wODg2IDc3Ljg5MjUgNTkuOTAwNSA3Ny41MjYxQzYwLjcxMjQgNzcuMTU5OCA2Mi45NDEyIDc1LjM2MzUgNjMuNDE1OCA3NS44Mzg2QzYzLjg5MDQgNzYuMzEzOCA2Ni40MzkyIDc5LjE1ODkgNjYuNTU1IDc4LjUxOTlDNjYuNjcwOCA3Ny44ODA4IDY4Ljg0NDMgNzMuNzI0MiA2OS40ODE1IDc0LjMxNjZDNzAuMTE4OCA3NC45MDkxIDcxLjUzMzEgNzguODM3OSA3MC45NjMgNzkuNTI5OUM3MC4zOTMgODAuMjIxOSA3NC44MTE3IDc2LjgyMzQgNzUuMTE1OCA3Ny40ODIxQzc1LjQxOTggNzguMTQwOSA3Ny4xNzA3IDgxLjIyODQgNzUuODc1NyA4My4xNDcyWiIgZmlsbD0iI0NENDQ3MCIvPgo8cGF0aCBmaWxsLXJ1bGU9ImV2ZW5vZGQiIGNsaXAtcnVsZT0iZXZlbm9kZCIgZD0iTTEwOC41NjUgNzguNDY1N0MxMDguNTY1IDc4LjQ2NTcgMTE2LjMwNCA5NC4wMTM5IDExNi4wODQgOTUuMjI2OUMxMTUuODY1IDk2LjQzOTkgMTA4LjU2NSA5Ny4xMDE1IDEwOC41NjUgOTcuMTAxNVY3OC40NjU3WiIgZmlsbD0id2hpdGUiLz4KPHBhdGggZD0iTTM3LjI0MDkgODAuNjg0MUMzNy4yNDA5IDgwLjY4NDEgMzkuMDg3NiA5Ny4xMDI0IDQyLjA1MTEgOTcuODk3QzQ1LjAxNDYgOTguNjkxNiA1OC43NTQ1IDEwMy4xMDkgNTYuNzc4NSA5NS45NjQyQzU0LjgwMjUgODguODE5MSAzNy4yNDA5IDgwLjY4NDEgMzcuMjQwOSA4MC42ODQxWiIgZmlsbD0iIzJGMDVCMCIvPgo8L2c+CjxkZWZzPgo8bGluZWFyR3JhZGllbnQgaWQ9InBhaW50MF9saW5lYXIiIHgxPSI0NS4wMjQ1IiB5MT0iODUuOTcwMiIgeDI9IjQ1LjAyNDUiIHkyPSIxODYuNDc0IiBncmFkaWVudFVuaXRzPSJ1c2VyU3BhY2VPblVzZSI+CjxzdG9wIHN0b3AtY29sb3I9IiNFODVGOEIiLz4KPHN0b3Agb2Zmc2V0PSIxIiBzdG9wLWNvbG9yPSIjQ0Q0NDcwIi8+CjwvbGluZWFyR3JhZGllbnQ+CjwvZGVmcz4KPC9zdmc+Cg==',
        'POLAND');
insert into JPA_AVATAR(ID, AVATAR, NATIONALITY)
VALUES (2,
        'PHN2ZyB3aWR0aD0iMTM1IiBoZWlnaHQ9IjE1MyIgdmlld0JveD0iMCAwIDEzNSAxNTMiIGZpbGw9Im5vbmUiIHhtbG5zPSJodHRwOi8vd3d3LnczLm9yZy8yMDAwL3N2ZyI+CjxwYXRoIGZpbGwtcnVsZT0iZXZlbm9kZCIgY2xpcC1ydWxlPSJldmVub2RkIiBkPSJNNjQuMTU0OCA5My4yNDkxQzU2LjkzNTIgODQuODU2OSA1Mi4wNDkgNzQuNTcyMyA1Mi44NjU2IDYzLjA0ODFDNTUuMjE4MSAyOS44NDM1IDEwMS44OTIgMzcuMTQ4IDExMC45NyA1My45MDdDMTIwLjA0OCA3MC42NjU5IDExOC45NyAxMTMuMTc2IDEwNy4yMzcgMTE2LjE3MkMxMDIuNTU3IDExNy4zNjcgOTIuNTg4NiAxMTQuNDQgODIuNDQyOCAxMDguMzg0TDg4LjgxMTEgMTUzLjAwMUg1MS4yMDkyTDY0LjE1NDggOTMuMjQ5MVoiIGZpbGw9IndoaXRlIi8+CjxwYXRoIGZpbGwtcnVsZT0iZXZlbm9kZCIgY2xpcC1ydWxlPSJldmVub2RkIiBkPSJNMTE2IDczQzExNiA3MyAxMjIuMTcxIDg2LjM0OTEgMTIxLjk5NiA4Ny4zOTA1QzEyMS44MjEgODguNDMxOSAxMTYgODkgMTE2IDg5VjczWiIgZmlsbD0id2hpdGUiLz4KPHBhdGggZmlsbC1ydWxlPSJldmVub2RkIiBjbGlwLXJ1bGU9ImV2ZW5vZGQiIGQ9Ik04NC4zMjgyIDY3LjA0NzhDODUuNzY4OCA4Ni45MDc4IDg5LjU4MSA5Ni44Mzc4IDk1Ljc2NDYgOTYuODM3OEMxMDUuMDQgOTYuODM3OCAxMTIuOTA5IDkxLjAxMjUgMTE2Ljk3OSA5MS4wMTI1QzExOS45NDYgOTEuMDEyNSAxMTkuMjgzIDk0LjY4NTQgMTE3LjMxNyA5Ny40MDg1QzExNS42OTUgOTkuNjU1MiAxMDcuNzkzIDEwMS44MjEgMTA3Ljc5MyAxMDUuMzA0QzEwNy43OTMgMTA4Ljc4NyAxMTQuMDM3IDEwNi4wOTIgMTE0LjAzNyAxMDguMTU4QzExNC4wMzcgMTExLjU3NSAxMTUuMTM0IDExOCAxMDkuMTM5IDExOEMxMDMuMDcyIDExOCA4NS42NzcxIDExNS44MTMgODIuNjk2MSAxMDYuOTA0QzgwLjc3MTkgMTAxLjE1NSA3OS41Mjc5IDg5LjI0MTggNzguOTY0NCA3MS4xNjQ2Qzc4LjU5MTkgNzEuMTIwOSA3OC4yMTcxIDcxLjA5OTEgNzcuODQyIDcxLjA5OTFDNzUuOTcxIDcxLjA5OTEgNzQuMTQyNSA3MS42NTA3IDcyLjU4OTkgNzIuNjgzNkM3MS4wMzczIDczLjcxNjQgNjkuODMxMSA3NS4xODM2IDY5LjEyNTMgNzYuODk3OEM2OC40MTk1IDc4LjYxMiA2OC4yNDYxIDgwLjQ5NTQgNjguNjI3MyA4Mi4zMDc1QzY5LjAwODQgODQuMTE5NiA2OS45MjY5IDg1Ljc3ODMgNzEuMjY1MyA4Ny4wNzE2QzY5LjA4NzUgOTAuMTEzMyA2Ni42NDY4IDkzLjI4OTYgNjMuODUgOTYuNTY3N0M1My4zNDI5IDkwLjMzMTQgNDUuNTQ2MSA3Mi4wNzUyIDU1LjgxODMgNTQuNTM3NkM1OC42NTc2IDQ1Ljk0NjMgNjUuMDg1MyA0MS4zNTczIDcyLjY3NjYgMzkuMjI2NEM3OC4zMzA1IDM2LjgwMzEgODQuNjQ2NiAzNi4zNDI4IDkwLjU5ODMgMzcuOTIwM0MxMDEuMTYyIDM4LjgxNjcgMTEwLjU5NCA0Mi4wMDMyIDExMy4yNjggNDMuODk1MUMxMTMuMjY4IDUzLjc4ODggMTExLjMzIDU2LjcyNDMgOTQuNzc4NiA1Ni40NjU2QzkwLjcxMSA1OC41OTE4IDg3LjU4NDYgNjIuMjUwNyA4NC4zMjgyIDY3LjA0NzhaIiBmaWxsPSIjMUYwNDcxIi8+CjxwYXRoIGQ9Ik00NC44MDg1IDU4LjI1MjRDNDQuODA4NSA1OC4yNTI0IDAuNzQzMTY4IDc4LjgwMzIgNS4zMzU1NCA4MC42MzNDOS45Mjc5MiA4Mi40NjI5IDM3LjQ4ODIgNzYuODU0IDM3LjQ4ODIgNzYuODU0TDY1LjkwODcgNjMuMzE5N0M2NS45MDg3IDYzLjMxOTcgMTEwLjY5MyAzMy40NzkgMTE2LjI5MSAyNi44NjMxQzEyMS44ODggMjAuMjQ3MSAxMzMuMDg0IDYuNjc0NTIgMTMwLjUgMy45OTk5OEMxMjcuOTE2IDEuMzI1NDUgODcuMDA4OCAyOS41Mzc1IDg3LjAwODggMjkuNTM3NUw1MS44NDE5IDQ4LjM5OTJMNDQuODA4NSA1OC4yNTI0WiIgZmlsbD0iYmxhY2siLz4KPHBhdGggZD0iTTEzMS45ODMgMi44OTA3OUw4NS41ODAyIDM0LjE5MThMNDUuOTg1MSA1OC43NzMzTDEuMTk0NDMgODNDMS4xOTQ0MyA4MyAtMS40OTMwNCA3OC4wODggMS4xOTQ0MyA3Ni45MTg4QzMuODgxOTEgNzUuNzQ5NyA0Ni41MjI2IDUwLjk5MTcgNDYuNTIyNiA1MC45OTE3TDg0LjY0MjIgMjguNzA5N0wxMjYuNzg4IDAuMjM4MTMyQzEyNi43ODggMC4yMzgxMzIgMTMyLjM0MiAtMS4xNzY2NyAxMzEuOTgzIDIuODkwNzlaIiBmaWxsPSIjRTg1RjhCIi8+CjxwYXRoIGQ9Ik0xMzEuNjY3IDFDMTMxLjY2NyAxIDEzNy44MjIgMy4xNjA5MiAxMzMuNDA0IDEwLjI0MzRDMTI4Ljk4NSAxNy4zMjU4IDExMy4zNzQgMzguMTM5NiA5NC41MjIgNDkuNTU4M0M3NS42NzAzIDYwLjk3NyA1MS4wMzUzIDc0LjM4MDMgNTEuMDM1MyA3NC4zODAzQzUxLjAzNTMgNzQuMzgwMyAzMi45NTk2IDgyLjY1OCAyNS40NDg0IDg0LjEwMzRDMTcuOTM3MSA4NS41NDg5IDQuODI5MjUgODguMTUwNyAxIDgyLjY1OEw2LjkxOTMxIDc4LjE2MTNDNi45MTkzMSA3OC4xNjEzIDkuMzk1MDkgODIuNTc4MSAyMS42MTkxIDc4Ljc4NzdDMzMuODQzMSA3NC45OTczIDU1LjA5MjUgNjYuOTM5OSA2NS42OTY3IDYwLjU4MDJDNzYuMzAwOSA1NC4yMjA0IDg4LjYzMDkgNDYuNjY3MiAxMDAuMTE5IDM4LjI4NDFDMTExLjYwNiAyOS45MDExIDEyOS4yNzMgOC43Njc3NCAxMjkuNDIgNS44NzcyOEMxMjkuNTc2IDQuMDQ2NSAxMzAuMzY5IDIuMzI0MTUgMTMxLjY2NyAxVjFaIiBmaWxsPSIjRTg1RjhCIi8+CjxwYXRoIGQ9Ik00Ni4wODUxIDY0LjM2MTNDNDYuMDg1MSA2NC4zNjEzIDQxLjQ3MzUgNDEuMDEzNSA0Mi4wNDk4IDM1LjEwNDZDNDIuNjI2MiAyOS4xOTU2IDQxLjM5NTkgMTguOTYzNCA1MS41MjI5IDE1LjY0ODFDNjEuNjUgMTIuMzMyOCA2OC45OTk4IDE0Ljc4MzkgNzEuNTkzOSAxNi4zNjg2Qzc0LjE4NzkgMTcuOTUzMiA5Mi4wNTg2IDMyLjIyMiA5Mi45MjMzIDM0LjM4MzlDOTMuNzg4MSAzNi41NDU5IDg3LjMwMjcgNDcuNzg3MyA3NS4xOTY4IDU0LjQxNjlDNjMuMDkwOSA2MS4wNDY1IDQ2LjU4OTYgNjYuOTk2MiA0Ni4wODUxIDY0LjM2MTNaIiBmaWxsPSJibGFjayIvPgo8cGF0aCBkPSJNNTguOTExOCAxMTdDNTguOTExOCAxMTcgNjMuNTE5MyAxMjMuNjQxIDc1LjAwNjIgMTI2LjM0MkM3OC40MTQgMTI3LjEyOCA4MS44ODQ4IDEyNy42MjcgODUuMzgwMiAxMjcuODMzTDg5IDE1M0g1MUw1OC45MTE4IDExN1oiIGZpbGw9ImJsYWNrIi8+CjxwYXRoIGQ9Ik02MC4xODUzIDExMUw1Ny43IDEyMi4yNUM2Mi43NDI0IDEyNS42NjIgNjguNDg3NCAxMjcuOTcxIDc0LjUzODMgMTI5LjAxOEM3OC4yMjU4IDEyOS42MzUgODEuOTU4MyAxMjkuOTYzIDg1LjcgMTMwTDg1LjE1OTcgMTI2LjI4NEM4NS4xNTk3IDEyNi4yODQgODEuOTI3NSAxMjYuNzAzIDc0LjUzOTEgMTIyLjY1MkM2OS4yMjIzIDExOS40MzEgNjQuMzkxNiAxMTUuNTEgNjAuMTg1MyAxMTFWMTExWiIgZmlsbD0iI0NENDQ3MCIvPgo8cGF0aCBkPSJNODQuNTc4NSAxMjYuMDI0Qzg0LjU3ODUgMTI2LjAyNCA3Ni4wNTQyIDEzMS4wNTYgNzcuMDg2OCAxMzIuNzc0Qzc4LjExOTMgMTM0LjQ5MyA3OS40NDQ1IDEzOS4zNTcgODAuNzg4OSAxMzguOTc5QzgyLjEzMzQgMTM4LjYwMiA4Ni4xNDg3IDEzMy40ODcgODUuOTk1NyAxMzEuNjg0Qzg1Ljg0MjggMTI5Ljg4MSA4NS4yMDE3IDEyNS42NDYgODQuNTc4NSAxMjYuMDI0WiIgZmlsbD0iI0U4NUY4QiIvPgo8cGF0aCBkPSJNODQuODg2NCAxMzkuNzM5Qzg0Ljg4NjQgMTM5LjczOSA4Ny4yIDE0MC4zMjcgODcuMiAxMzkuNzM5Qzg3LjIgMTM5LjE1IDg1LjkxMTYgMTMxIDg1LjkxMTYgMTMxTDg0LjI3NDIgMTMzLjAwNkM4NC4yNzQyIDEzMy4wMDYgODMuODg1NiAxMzkuNTQyIDg0Ljg4NjQgMTM5LjczOVoiIGZpbGw9IiNFODVGOEIiLz4KPC9zdmc+Cg==',
        'MEXICO');
insert into JPA_AVATAR(ID, AVATAR, NATIONALITY)
VALUES (3,
        'PHN2ZyB3aWR0aD0iODgiIGhlaWdodD0iMTUzIiB2aWV3Qm94PSIwIDAgODggMTUzIiBmaWxsPSJub25lIiB4bWxucz0iaHR0cDovL3d3dy53My5vcmcvMjAwMC9zdmciPgo8cGF0aCBmaWxsLXJ1bGU9ImV2ZW5vZGQiIGNsaXAtcnVsZT0iZXZlbm9kZCIgZD0iTTM2LjAwOTUgOTMuNTAwMkMyOC45NTM3IDg1LjIxMDcgMjQuMTk5OSA3NS4wNzA2IDI1LjA1NzEgNjMuNzM4MkMyNy41MjY5IDMxLjA4NjIgNzMuMzY2MyAzOC40OTMxIDgyLjIxMDMgNTUuMDIxNkM5MS4wNTQzIDcxLjU1MDEgODkuNzkyMSAxMTMuMzYyIDc4LjI0NTIgMTE2LjI1M0M3My42NDAxIDExNy40MDYgNjMuODU2MyAxMTQuNDggNTMuOTEzMiAxMDguNDc0TDU5Ljk2MDUgMTUyLjM5NEwyMy4wMDI5IDE1Mi4yMTZMMzYuMDA5NSA5My41MDAyWiIgZmlsbD0id2hpdGUiLz4KPHBhdGggZmlsbC1ydWxlPSJldmVub2RkIiBjbGlwLXJ1bGU9ImV2ZW5vZGQiIGQ9Ik02Ny43NDg2IDM3LjIwNTdDNjIuNjg1MiAzNS43OTgyIDU3LjQyNTMgMzUuMjA0MiA1Mi4xNzA2IDM1LjQ0NjVDNTMuOTg0OCAzMS4yNzUyIDU0LjY2MTUgMjYuNzA3OSA1NC4xMzM2IDIyLjE5ODVDNTMuNTk5IDE3LjgyNzQgNTEuNjIxOSAxNC4wOTg1IDQ5Ljc5NTcgMTAuMTkxN0M0OS4wMzM5IDguMzU0NzMgNDcuOTQwMyA2LjY2OTY4IDQ2LjU2ODEgNS4yMTg2OUM0NS4xMDgzIDMuODM1NDYgNDMuMjk0MyAyLjg3MDkxIDQxLjMyMDkgMi40Mjg2OUMzOS4zMjY4IDEuOTg3NDIgMzcuMjU5NyAxLjk3NjE4IDM1LjI2MDkgMi4zOTU3NEMzNC4zNzg4IDIuNTcyNjYgMzMuNTg2MyAyLjk2Mjk5IDMyLjcyMSAzLjE3Nzk1QzMxLjgzNTEgMy4zOTgyOSAzMS40MDg0IDIuODU0MzggMzAuNzY4OCAyLjMwNjc5QzI5LjA5ODEgMS4wNDQ0NyAyNy4wOTkzIDAuMjc1MDMgMjUuMDAzOSAwLjA4NzU3MjVDMjIuNzgzMiAtMC4xNTE3NDYgMjAuNTM2NCAwLjEwMDk0MyAxOC40MjcyIDAuODI3MjJDMTYuMzMyNiAxLjQ4MTcyIDE0LjQ0MjUgMi42NTQyNCAxMi45MzY3IDQuMjMzMjZDMTIuMjUzMSA0Ljk1NTAyIDExLjY5NDkgNS43ODMyNiAxMS4yODQ3IDYuNjg0NTRDMTEuMTI0MSA3LjA1NzM0IDExLjA5NjggNy4yNzg1MiAxMC43MTUxIDcuNDEzNDRDMTAuMzYyIDcuNTM4NDYgOS45NDk3NyA3LjU0MDcyIDkuNTg1NTUgNy42NTkwOUM3LjgwMjc4IDguMjU5OSA2LjE1OTUyIDkuMjA2MDQgNC43NTIxNCAxMC40NDJDMy4zNDQ3NiAxMS42NzggMi4yMDE2IDEzLjE3ODkgMS4zODk3MSAxNC44NTY3QzAuMjc5MTAzIDE3Ljg2OTIgLTAuMTc0MDY3IDIxLjA3OTMgMC4wNTk4OTMgMjQuMjc2OEMwLjE2NDYzMyAyOC4yMDY2IDMuNzQxMjkgMzguNDc2NiA3LjExNTA1IDQyLjIzMjZDMTAuMjcwMSA0NS41MzY4IDE0LjM2MjYgNDcuODIzNiAxOC44NTY2IDQ4Ljc5MzZDMTYuMDY2NSA1Mi4wODg2IDEzLjk1NzkgNTUuODkxNCAxMi42NDk4IDU5Ljk4N0MxMS4xMDM0IDY0LjM4NjUgMTAuMTM0NiA2OC45NjM0IDkuNzY3MDggNzMuNjA2QzkuMjgwMzkgNzguMDkyNyA5LjQ5NDA4IDgyLjYyNjUgMTAuNDAwNyA4Ny4wNDkyQzEwLjc4OCA4OC45OTU5IDExLjU3NDIgOTAuODQ0IDEyLjcxMSA5Mi40ODAyQzEzLjg0NzggOTQuMTE2MyAxNS4zMTEzIDk1LjUwNiAxNy4wMTE3IDk2LjU2NEMxOC42NDEyIDk3LjUwNDkgMjAuMzUyIDk4LjMwMTMgMjIuMTI0IDk4Ljk0MzlDMjMuODMxOSA5OS42NDQ4IDI1LjU5NDkgMTAwLjIwNyAyNy4zOTU0IDEwMC42MjVDMzAuODIzMSAxMDEuMzM0IDM0Ljc3NyAxMDEuMjM0IDM3LjQzMyA5OC41NzUyQzM4LjQ2NSA5Ny41NzAyIDM5LjM3NDkgOTYuNDUwMSA0MC4xNDQ2IDk1LjIzNzZDNDAuMzk2NCA5NC44MTU3IDQwLjU0ODUgOTQuNTM5NyA0MC4yNDY4IDk0LjEyNDZDMzkuODI4MSA5My42NDgxIDM5LjM1MzkgOTMuMjIyMSAzOC44MzM5IDkyLjg1NTRDMzYuMTgzIDkwLjY3NDUgMzQuNTAxIDg3LjU1NzEgMzQuMTQ3MSA4NC4xNjg4QzMzLjc0MjggODAuNjEwMyAzNC43NDE3IDc2LjAyNDUgMzguMjgzOCA3NC40ODkyQzQyLjY1NjMgNzIuNTk0MiA0Ny40NTA0IDc0LjgxNjEgNTEuMzE4NCA3Ni44ODQ3QzUyLjk5NDggNzEuMjAyIDU2LjQwMzQgNjYuMDk0MSA2MS43MjE2IDYzLjUwOTRDNjcuNjA1MyA2MC42NDk3IDc0LjM0MjQgNjAuMzQzOCA4MC4zODY0IDU3Ljg5NDlDODIuMDI0OCA1Ny4zNDkgODMuNTExOCA1Ni40MzM5IDg0LjcyOTYgNTUuMjIyQzg1LjI4NzYgNTQuNjU3NSA4NS43MTUyIDUzLjk4MDYgODUuOTgzMyA1My4yMzc3Qzg2LjAzIDUyLjc4NDUgODUuOTc4NCA1Mi4zMjY4IDg1LjgzMTggNTEuODk0OUM4NS42ODUyIDUxLjQ2MyA4NS40NDcgNTEuMDY2OSA4NS4xMzMxIDUwLjczMjlDODIuNTczMyA0Ni43NzE3IDcyLjgzMTIgMzguNzQ4MiA2Ny43NDg2IDM3LjIwNTdaIiBmaWxsPSIjMUYwNDcxIi8+CjxwYXRoIGZpbGwtcnVsZT0iZXZlbm9kZCIgY2xpcC1ydWxlPSJldmVub2RkIiBkPSJNMzQuMzI1NSAxMDNDMzQuMzI1NSAxMDMgNTUuMTA1MSAxMTQuODA5IDU1LjE4MjIgMTE0LjY3N0M1NS4yNTkyIDExNC41NDQgNTYgMTI2IDU2IDEyNkM1NiAxMjYgMzIuMzMwNSAxMTIuMTU3IDMzLjAxNDUgMTA5LjAxN0wzNC4zMjU1IDEwM1oiIGZpbGw9IiM1QTRFRDAiLz4KPHBhdGggZmlsbC1ydWxlPSJldmVub2RkIiBjbGlwLXJ1bGU9ImV2ZW5vZGQiIGQ9Ik0zMi42MTQ1IDEwOEMzMi42MTQ1IDEwOCA1NS43MDA4IDEyMi4xMSA1NS43Nzk4IDEyMS45NzdDNTUuODU4OCAxMjEuODQ1IDU3IDEzMiA1NyAxMzJDNTcgMTMyIDMwLjMwODQgMTE4LjI4NSAzMS4wMTM3IDExNS4xMzlMMzIuNjE0NSAxMDhaIiBmaWxsPSIjMUYwNDcxIi8+CjxwYXRoIGQ9Ik01My41IDEwMkM1NC44ODA3IDEwMiA1NiAxMDAuODgxIDU2IDk5LjVDNTYgOTguMTE5MyA1NC44ODA3IDk3IDUzLjUgOTdDNTIuMTE5MyA5NyA1MSA5OC4xMTkzIDUxIDk5LjVDNTEgMTAwLjg4MSA1Mi4xMTkzIDEwMiA1My41IDEwMloiIGZpbGw9IiNDRDQ0NzAiLz4KPHBhdGggZD0iTTUzLjUgMTA2QzU0Ljg4MDcgMTA2IDU2IDEwNC44ODEgNTYgMTAzLjVDNTYgMTAyLjExOSA1NC44ODA3IDEwMSA1My41IDEwMUM1Mi4xMTkzIDEwMSA1MSAxMDIuMTE5IDUxIDEwMy41QzUxIDEwNC44ODEgNTIuMTE5MyAxMDYgNTMuNSAxMDZaIiBmaWxsPSIjQ0Q0NDcwIi8+CjxwYXRoIGQ9Ik01My41IDExMEM1NC44ODA3IDExMCA1NiAxMDguODgxIDU2IDEwNy41QzU2IDEwNi4xMTkgNTQuODgwNyAxMDUgNTMuNSAxMDVDNTIuMTE5MyAxMDUgNTEgMTA2LjExOSA1MSAxMDcuNUM1MSAxMDguODgxIDUyLjExOTMgMTEwIDUzLjUgMTEwWiIgZmlsbD0iI0NENDQ3MCIvPgo8cGF0aCBmaWxsLXJ1bGU9ImV2ZW5vZGQiIGNsaXAtcnVsZT0iZXZlbm9kZCIgZD0iTTUzLjc4NDkgMTEyQzUyLjY2MjQgMTEyLjQ1MSA1MS43MDA1IDExMy4yMzggNTEuMDI1OSAxMTQuMjU2QzUwLjM1MTQgMTE1LjI3NSA0OS45OTU4IDExNi40NzcgNTAuMDA2MiAxMTcuNzA2QzQ5Ljk3MSAxMjAuNDc1IDUwLjA4NTUgMTIzLjI0NCA1MC4zNDg5IDEyNkw1NC40ODM1IDExOC44NDRDNTQuNDgzNSAxMTguODQ0IDU2LjAyMzYgMTEyLjU2OSA1My43ODQ5IDExMloiIGZpbGw9IiNFODVGOEIiLz4KPHBhdGggZmlsbC1ydWxlPSJldmVub2RkIiBjbGlwLXJ1bGU9ImV2ZW5vZGQiIGQ9Ik01NC4yMTQ4IDExMi4wNDlDNTMuNTA2NCAxMTMuMDIgNTMuMDg3IDExNC4yMDEgNTMuMDEyMSAxMTUuNDM1QzUyLjkzNzIgMTE2LjY2OSA1My4yMTAyIDExNy44OTkgNTMuNzk1MiAxMTguOTYyQzU1LjA2NjIgMTIxLjM4OSA1Ni40NTk2IDEyMy43MzggNTcuOTY5MiAxMjZMNTggMTE3LjY0MkM1OCAxMTcuNjQyIDU2LjMxNzEgMTExLjM4OSA1NC4yMTQ4IDExMi4wNDlaIiBmaWxsPSIjRTg1RjhCIi8+CjxwYXRoIGQ9Ik01My41IDExNEM1NC44ODA3IDExNCA1NiAxMTIuODgxIDU2IDExMS41QzU2IDExMC4xMTkgNTQuODgwNyAxMDkgNTMuNSAxMDlDNTIuMTE5MyAxMDkgNTEgMTEwLjExOSA1MSAxMTEuNUM1MSAxMTIuODgxIDUyLjExOTMgMTE0IDUzLjUgMTE0WiIgZmlsbD0iI0NENDQ3MCIvPgo8cGF0aCBmaWxsLXJ1bGU9ImV2ZW5vZGQiIGNsaXAtcnVsZT0iZXZlbm9kZCIgZD0iTTUzLjU5OTIgMTExQzUyLjU3NzggMTExLjc0MyA1MS44MDE3IDExMi43ODMgNTEuMzczMSAxMTMuOTgzQzUwLjk0NDUgMTE1LjE4MyA1MC44ODM2IDExNi40ODcgNTEuMTk4NSAxMTcuNzIzQzUxLjg0OSAxMjAuNTI1IDUyLjY1MDUgMTIzLjI4OCA1My41OTkyIDEyNkw1NiAxMTcuNzIzQzU2IDExNy43MjMgNTYgMTExIDUzLjU5OTIgMTExWiIgZmlsbD0iI0NENDQ3MCIvPgo8L3N2Zz4K',
        'USA');


insert into AIRPORT_MEETING_POINT(ID, NAME, DESCRIPTION) VALUES(1, 'Starbucks na WAW', 'It`s next to Gate 24');

insert into AIRPORTS(ID, CODE, NAME, LATITUDE, LONGITUDE, MEETING_POINT_ID) VALUES(1, 'WAW', 'Warsaw Chopin Airport', 52.159499362, 20.966996132, 1);
insert into AIRPORTS(ID, CODE, NAME, LATITUDE, LONGITUDE) VALUES(2, 'WMI', 'Warsaw Modlin Airport', 52.450664864, 20.650997396);
insert into AIRPORTS(ID, CODE, NAME, LATITUDE, LONGITUDE) VALUES(3, 'SIN', 'Singapore Changi Airport', 1.345010, 103.983208);
insert into AIRPORTS(ID, CODE, NAME, LATITUDE, LONGITUDE) VALUES(4, 'AAA', 'Anaa Airport', -17.3489, -145.513);
insert into AIRPORTS(ID, CODE, NAME, LATITUDE, LONGITUDE) VALUES(5, 'AAB', 'Arrabury Airport', -26.7, 141.05);

insert into USER(ID, USERNAME, PASSWORD)
VALUES (1, 'lukasz', '$2a$10$w66at8AGs40XQkfMIAbbFem5M5iEjEkvIq/YRLZrZc4YuRjWoAR5C');
insert into USER(ID, USERNAME, PASSWORD)
VALUES (2, 'marta', '$2a$10$w66at8AGs40XQkfMIAbbFem5M5iEjEkvIq/YRLZrZc4YuRjWoAR5C');
insert into USER(ID, USERNAME, PASSWORD)
VALUES (3, 'ola', '$2a$10$w66at8AGs40XQkfMIAbbFem5M5iEjEkvIq/YRLZrZc4YuRjWoAR5C');

insert into JPA_TRAVELER_PROFILE(TRAVELER_ID, NATIONALITY, NICKNAME)
VALUES (1, 'POLAND', 'Anna Kowalska');
insert into JPA_TRAVELER_PROFILE(TRAVELER_ID, NATIONALITY, NICKNAME)
VALUES (2, 'MEXICO', 'Pedro Esperanza');
insert into JPA_TRAVELER_PROFILE(TRAVELER_ID, NATIONALITY, NICKNAME)
VALUES (3, 'USA', 'Hannah Spencer');

insert into TRAVELER_LANGUAGES(TRAVELER_ID, LANGUAGES)
VALUES (1, 'PORTUGUESE');
insert into TRAVELER_LANGUAGES(TRAVELER_ID, LANGUAGES)
VALUES (1, 'ENGLISH');
insert into TRAVELER_LANGUAGES(TRAVELER_ID, LANGUAGES)
VALUES (1, 'FRENCH');
insert into TRAVELER_LANGUAGES(TRAVELER_ID, LANGUAGES)
VALUES (1, 'GERMAN');
insert into TRAVELER_LANGUAGES(TRAVELER_ID, LANGUAGES)
VALUES (2, 'SPANISH');
insert into TRAVELER_LANGUAGES(TRAVELER_ID, LANGUAGES)
VALUES (2, 'ENGLISH');
insert into TRAVELER_LANGUAGES(TRAVELER_ID, LANGUAGES)
VALUES (3, 'ENGLISH');
insert into TRAVELER_LANGUAGES(TRAVELER_ID, LANGUAGES)
VALUES (3, 'SPANISH');

insert into JPA_NEED_EVENT(ID, TRAVELER_ID, AIRPORT_ID, AVAILABLE_FROM, AVAILABLE_TO)
VALUES (1, 2, 1, '2019-09-14T01:00:00.000', '2019-09-15T23:59:00.000');
insert into EVENT_NEEDS(NEED_EVENT_ID, NEED)
VALUES (1, 'EAT');
insert into EVENT_NEEDS(NEED_EVENT_ID, NEED)
VALUES (1, 'DRINK');

insert into JPA_NEED_EVENT(ID, TRAVELER_ID, AIRPORT_ID, AVAILABLE_FROM, AVAILABLE_TO)
VALUES (2, 3, 1, '2019-09-14T01:00:00.000', '2019-09-15T23:59:00.000');
insert into EVENT_NEEDS(NEED_EVENT_ID, NEED)
VALUES (2, 'EAT');
insert into EVENT_NEEDS(NEED_EVENT_ID, NEED)
VALUES (2, 'CHAT');

insert into JPA_STORY(ID, TITLE, CONTENT, AIRPORT_ID, AUTHOR_ID)
VALUES (1, 'Great story about Warsaw', 'Go to help desk and ask for Lukasz, he is awesome guy to talk with', 1, 1);
--
-- 	private Long id;
--
-- private String title;
--
-- private String content;
--
-- private Long airportId;
--
-- private Long authorId;


